Path;Entity
src/org/apache/catalina/util/HexUtils.java;org.apache.catalina.util.HexUtils
src/com/ecyrd/management/SimpleMBean.java;com.ecyrd.management.SimpleMBean
src/com/ecyrd/jspwiki/SearchMatcher.java;com.ecyrd.jspwiki.SearchMatcher
src/com/ecyrd/jspwiki/LinkCollector.java;com.ecyrd.jspwiki.LinkCollector
src/com/ecyrd/jspwiki/TranslatorReader.java;com.ecyrd.jspwiki.TranslatorReader
src/com/ecyrd/jspwiki/WikiContext.java;com.ecyrd.jspwiki.WikiContext
src/com/ecyrd/jspwiki/NoSuchVariableException.java;com.ecyrd.jspwiki.NoSuchVariableException
src/com/ecyrd/jspwiki/NoRequiredPropertyException.java;com.ecyrd.jspwiki.NoRequiredPropertyException
src/com/ecyrd/jspwiki/FileUtil.java;com.ecyrd.jspwiki.FileUtil
src/com/ecyrd/jspwiki/Release.java;com.ecyrd.jspwiki.Release
src/com/ecyrd/jspwiki/ReferenceManager.java;com.ecyrd.jspwiki.ReferenceManager
src/com/ecyrd/jspwiki/SearchResultComparator.java;com.ecyrd.jspwiki.SearchResultComparator
src/com/ecyrd/jspwiki/WikiSession.java;com.ecyrd.jspwiki.WikiSession
src/com/ecyrd/jspwiki/PageTimeComparator.java;com.ecyrd.jspwiki.PageTimeComparator
src/com/ecyrd/jspwiki/PageLock.java;com.ecyrd.jspwiki.PageLock
src/com/ecyrd/jspwiki/PropertyReader.java;com.ecyrd.jspwiki.PropertyReader
src/com/ecyrd/jspwiki/VariableManager.java;com.ecyrd.jspwiki.VariableManager
src/com/ecyrd/jspwiki/WikiServlet.java;com.ecyrd.jspwiki.WikiServlet
src/com/ecyrd/jspwiki/WikiPage.java;com.ecyrd.jspwiki.WikiPage
src/com/ecyrd/jspwiki/PageManager.java;com.ecyrd.jspwiki.PageManager
src/com/ecyrd/jspwiki/InternalWikiException.java;com.ecyrd.jspwiki.InternalWikiException
src/com/ecyrd/jspwiki/WikiEngine.java;com.ecyrd.jspwiki.WikiEngine
src/com/ecyrd/jspwiki/QueryItem.java;com.ecyrd.jspwiki.QueryItem
src/com/ecyrd/jspwiki/WikiException.java;com.ecyrd.jspwiki.WikiException
src/com/ecyrd/jspwiki/TextUtil.java;com.ecyrd.jspwiki.TextUtil
src/com/ecyrd/jspwiki/filters/BasicPageFilter.java;com.ecyrd.jspwiki.filters.BasicPageFilter
src/com/ecyrd/jspwiki/filters/ProfanityFilter.java;com.ecyrd.jspwiki.filters.ProfanityFilter
src/com/ecyrd/jspwiki/filters/PingWeblogsComFilter.java;com.ecyrd.jspwiki.filters.PingWeblogsComFilter
src/com/ecyrd/jspwiki/filters/FilterException.java;com.ecyrd.jspwiki.filters.FilterException
src/com/ecyrd/jspwiki/filters/FilterManager.java;com.ecyrd.jspwiki.filters.FilterManager
src/com/ecyrd/jspwiki/filters/SpamFilter.java;com.ecyrd.jspwiki.filters.SpamFilter
src/com/ecyrd/jspwiki/filters/CreoleFilter.java;com.ecyrd.jspwiki.filters.CreoleFilter
src/com/ecyrd/jspwiki/filters/RedirectException.java;com.ecyrd.jspwiki.filters.RedirectException
src/com/ecyrd/jspwiki/ui/WikiRequestWrapper.java;com.ecyrd.jspwiki.ui.WikiRequestWrapper
src/com/ecyrd/jspwiki/ui/WikiCommand.java;com.ecyrd.jspwiki.ui.WikiCommand
src/com/ecyrd/jspwiki/ui/RedirectCommand.java;com.ecyrd.jspwiki.ui.RedirectCommand
src/com/ecyrd/jspwiki/ui/AbstractCommand.java;com.ecyrd.jspwiki.ui.AbstractCommand
src/com/ecyrd/jspwiki/ui/EditorManager.java;com.ecyrd.jspwiki.ui.EditorManager
src/com/ecyrd/jspwiki/ui/Editor.java;com.ecyrd.jspwiki.ui.Editor
src/com/ecyrd/jspwiki/ui/WikiJSPFilter.java;com.ecyrd.jspwiki.ui.WikiJSPFilter
src/com/ecyrd/jspwiki/ui/WikiServletFilter.java;com.ecyrd.jspwiki.ui.WikiServletFilter
src/com/ecyrd/jspwiki/ui/Installer.java;com.ecyrd.jspwiki.ui.Installer
src/com/ecyrd/jspwiki/ui/InputValidator.java;com.ecyrd.jspwiki.ui.InputValidator
src/com/ecyrd/jspwiki/ui/TemplateManager.java;com.ecyrd.jspwiki.ui.TemplateManager
src/com/ecyrd/jspwiki/ui/CommandResolver.java;com.ecyrd.jspwiki.ui.CommandResolver
src/com/ecyrd/jspwiki/ui/GroupCommand.java;com.ecyrd.jspwiki.ui.GroupCommand
src/com/ecyrd/jspwiki/ui/PageCommand.java;com.ecyrd.jspwiki.ui.PageCommand
src/com/ecyrd/jspwiki/ui/progress/ProgressManager.java;com.ecyrd.jspwiki.ui.progress.ProgressManager
src/com/ecyrd/jspwiki/ui/progress/ProgressItem.java;com.ecyrd.jspwiki.ui.progress.ProgressItem
src/com/ecyrd/jspwiki/ui/admin/WikiFormAdminBean.java;com.ecyrd.jspwiki.ui.admin.WikiFormAdminBean
src/com/ecyrd/jspwiki/ui/admin/SimpleAdminBean.java;com.ecyrd.jspwiki.ui.admin.SimpleAdminBean
src/com/ecyrd/jspwiki/ui/admin/AdminBeanManager.java;com.ecyrd.jspwiki.ui.admin.AdminBeanManager
src/com/ecyrd/jspwiki/ui/admin/beans/PluginBean.java;com.ecyrd.jspwiki.ui.admin.beans.PluginBean
src/com/ecyrd/jspwiki/ui/admin/beans/CoreBean.java;com.ecyrd.jspwiki.ui.admin.beans.CoreBean
src/com/ecyrd/jspwiki/ui/admin/beans/PlainEditorAdminBean.java;com.ecyrd.jspwiki.ui.admin.beans.PlainEditorAdminBean
src/com/ecyrd/jspwiki/ui/admin/beans/UserBean.java;com.ecyrd.jspwiki.ui.admin.beans.UserBean
src/com/ecyrd/jspwiki/ui/admin/beans/SearchManagerBean.java;com.ecyrd.jspwiki.ui.admin.beans.SearchManagerBean
src/com/ecyrd/jspwiki/preferences/Preferences.java;com.ecyrd.jspwiki.preferences.Preferences
src/com/ecyrd/jspwiki/forms/FormOutput.java;com.ecyrd.jspwiki.forms.FormOutput
src/com/ecyrd/jspwiki/forms/FormSet.java;com.ecyrd.jspwiki.forms.FormSet
src/com/ecyrd/jspwiki/forms/FormInput.java;com.ecyrd.jspwiki.forms.FormInput
src/com/ecyrd/jspwiki/forms/FormTextarea.java;com.ecyrd.jspwiki.forms.FormTextarea
src/com/ecyrd/jspwiki/forms/FormClose.java;com.ecyrd.jspwiki.forms.FormClose
src/com/ecyrd/jspwiki/forms/FormInfo.java;com.ecyrd.jspwiki.forms.FormInfo
src/com/ecyrd/jspwiki/forms/FormSelect.java;com.ecyrd.jspwiki.forms.FormSelect
src/com/ecyrd/jspwiki/forms/FormElement.java;com.ecyrd.jspwiki.forms.FormElement
src/com/ecyrd/jspwiki/forms/FormOpen.java;com.ecyrd.jspwiki.forms.FormOpen
src/com/ecyrd/jspwiki/util/CryptoUtil.java;com.ecyrd.jspwiki.util.CryptoUtil
src/com/ecyrd/jspwiki/util/CommentedProperties.java;com.ecyrd.jspwiki.util.CommentedProperties
src/com/ecyrd/jspwiki/util/FormUtil.java;com.ecyrd.jspwiki.util.FormUtil
src/com/ecyrd/jspwiki/util/ProviderConverter.java;com.ecyrd.jspwiki.util.ProviderConverter
src/com/ecyrd/jspwiki/util/TimedCounterList.java;com.ecyrd.jspwiki.util.TimedCounterList
src/com/ecyrd/jspwiki/util/HttpUtil.java;com.ecyrd.jspwiki.util.HttpUtil
src/com/ecyrd/jspwiki/util/UtilJ2eeCompat.java;com.ecyrd.jspwiki.util.UtilJ2eeCompat
src/com/ecyrd/jspwiki/util/BlogUtil.java;com.ecyrd.jspwiki.util.BlogUtil
src/com/ecyrd/jspwiki/util/WatchDog.java;com.ecyrd.jspwiki.util.WatchDog
src/com/ecyrd/jspwiki/util/WikiBackgroundThread.java;com.ecyrd.jspwiki.util.WikiBackgroundThread
src/com/ecyrd/jspwiki/util/MailUtil.java;com.ecyrd.jspwiki.util.MailUtil
src/com/ecyrd/jspwiki/util/Serializer.java;com.ecyrd.jspwiki.util.Serializer
src/com/ecyrd/jspwiki/util/ClassUtil.java;com.ecyrd.jspwiki.util.ClassUtil
src/com/ecyrd/jspwiki/util/PriorityList.java;com.ecyrd.jspwiki.util.PriorityList
src/com/ecyrd/jspwiki/auth/AuthenticationManager.java;com.ecyrd.jspwiki.auth.AuthenticationManager
src/com/ecyrd/jspwiki/auth/WikiSecurityException.java;com.ecyrd.jspwiki.auth.WikiSecurityException
src/com/ecyrd/jspwiki/auth/SessionMonitor.java;com.ecyrd.jspwiki.auth.SessionMonitor
src/com/ecyrd/jspwiki/auth/WikiPrincipal.java;com.ecyrd.jspwiki.auth.WikiPrincipal
src/com/ecyrd/jspwiki/auth/PrincipalComparator.java;com.ecyrd.jspwiki.auth.PrincipalComparator
src/com/ecyrd/jspwiki/auth/SecurityVerifier.java;com.ecyrd.jspwiki.auth.SecurityVerifier
src/com/ecyrd/jspwiki/auth/AuthorizationManager.java;com.ecyrd.jspwiki.auth.AuthorizationManager
src/com/ecyrd/jspwiki/auth/UserManager.java;com.ecyrd.jspwiki.auth.UserManager
src/com/ecyrd/jspwiki/auth/NoSuchPrincipalException.java;com.ecyrd.jspwiki.auth.NoSuchPrincipalException
src/com/ecyrd/jspwiki/auth/GroupPrincipal.java;com.ecyrd.jspwiki.auth.GroupPrincipal
src/com/ecyrd/jspwiki/auth/user/XMLUserDatabase.java;com.ecyrd.jspwiki.auth.user.XMLUserDatabase
src/com/ecyrd/jspwiki/auth/user/AbstractUserDatabase.java;com.ecyrd.jspwiki.auth.user.AbstractUserDatabase
src/com/ecyrd/jspwiki/auth/user/DefaultUserProfile.java;com.ecyrd.jspwiki.auth.user.DefaultUserProfile
src/com/ecyrd/jspwiki/auth/user/JDBCUserDatabase.java;com.ecyrd.jspwiki.auth.user.JDBCUserDatabase
src/com/ecyrd/jspwiki/auth/user/DuplicateUserException.java;com.ecyrd.jspwiki.auth.user.DuplicateUserException
src/com/ecyrd/jspwiki/auth/permissions/PagePermission.java;com.ecyrd.jspwiki.auth.permissions.PagePermission
src/com/ecyrd/jspwiki/auth/permissions/PermissionFactory.java;com.ecyrd.jspwiki.auth.permissions.PermissionFactory
src/com/ecyrd/jspwiki/auth/permissions/AllPermissionCollection.java;com.ecyrd.jspwiki.auth.permissions.AllPermissionCollection
src/com/ecyrd/jspwiki/auth/permissions/WikiPermission.java;com.ecyrd.jspwiki.auth.permissions.WikiPermission
src/com/ecyrd/jspwiki/auth/permissions/GroupPermission.java;com.ecyrd.jspwiki.auth.permissions.GroupPermission
src/com/ecyrd/jspwiki/auth/permissions/AllPermission.java;com.ecyrd.jspwiki.auth.permissions.AllPermission
src/com/ecyrd/jspwiki/auth/authorize/Group.java;com.ecyrd.jspwiki.auth.authorize.Group
src/com/ecyrd/jspwiki/auth/authorize/XMLGroupDatabase.java;com.ecyrd.jspwiki.auth.authorize.XMLGroupDatabase
src/com/ecyrd/jspwiki/auth/authorize/WebContainerAuthorizer.java;com.ecyrd.jspwiki.auth.authorize.WebContainerAuthorizer
src/com/ecyrd/jspwiki/auth/authorize/Role.java;com.ecyrd.jspwiki.auth.authorize.Role
src/com/ecyrd/jspwiki/auth/authorize/JDBCGroupDatabase.java;com.ecyrd.jspwiki.auth.authorize.JDBCGroupDatabase
src/com/ecyrd/jspwiki/auth/authorize/GroupManager.java;com.ecyrd.jspwiki.auth.authorize.GroupManager
src/com/ecyrd/jspwiki/auth/acl/AclEntryImpl.java;com.ecyrd.jspwiki.auth.acl.AclEntryImpl
src/com/ecyrd/jspwiki/auth/acl/AclImpl.java;com.ecyrd.jspwiki.auth.acl.AclImpl
src/com/ecyrd/jspwiki/auth/acl/DefaultAclManager.java;com.ecyrd.jspwiki.auth.acl.DefaultAclManager
src/com/ecyrd/jspwiki/auth/acl/UnresolvedPrincipal.java;com.ecyrd.jspwiki.auth.acl.UnresolvedPrincipal
src/com/ecyrd/jspwiki/auth/login/WikiEngineCallback.java;com.ecyrd.jspwiki.auth.login.WikiEngineCallback
src/com/ecyrd/jspwiki/auth/login/AuthorizerCallback.java;com.ecyrd.jspwiki.auth.login.AuthorizerCallback
src/com/ecyrd/jspwiki/auth/login/CookieAuthenticationLoginModule.java;com.ecyrd.jspwiki.auth.login.CookieAuthenticationLoginModule
src/com/ecyrd/jspwiki/auth/login/WebContainerLoginModule.java;com.ecyrd.jspwiki.auth.login.WebContainerLoginModule
src/com/ecyrd/jspwiki/auth/login/PrincipalWrapper.java;com.ecyrd.jspwiki.auth.login.PrincipalWrapper
src/com/ecyrd/jspwiki/auth/login/UserDatabaseLoginModule.java;com.ecyrd.jspwiki.auth.login.UserDatabaseLoginModule
src/com/ecyrd/jspwiki/auth/login/HttpRequestCallback.java;com.ecyrd.jspwiki.auth.login.HttpRequestCallback
src/com/ecyrd/jspwiki/auth/login/WikiCallbackHandler.java;com.ecyrd.jspwiki.auth.login.WikiCallbackHandler
src/com/ecyrd/jspwiki/auth/login/UserDatabaseCallback.java;com.ecyrd.jspwiki.auth.login.UserDatabaseCallback
src/com/ecyrd/jspwiki/auth/login/WebContainerCallbackHandler.java;com.ecyrd.jspwiki.auth.login.WebContainerCallbackHandler
src/com/ecyrd/jspwiki/auth/login/CookieAssertionLoginModule.java;com.ecyrd.jspwiki.auth.login.CookieAssertionLoginModule
src/com/ecyrd/jspwiki/auth/login/AbstractLoginModule.java;com.ecyrd.jspwiki.auth.login.AbstractLoginModule
src/com/ecyrd/jspwiki/auth/login/AnonymousLoginModule.java;com.ecyrd.jspwiki.auth.login.AnonymousLoginModule
src/com/ecyrd/jspwiki/attachment/DynamicAttachment.java;com.ecyrd.jspwiki.attachment.DynamicAttachment
src/com/ecyrd/jspwiki/attachment/AttachmentServlet.java;com.ecyrd.jspwiki.attachment.AttachmentServlet
src/com/ecyrd/jspwiki/attachment/Attachment.java;com.ecyrd.jspwiki.attachment.Attachment
src/com/ecyrd/jspwiki/attachment/AttachmentManager.java;com.ecyrd.jspwiki.attachment.AttachmentManager
src/com/ecyrd/jspwiki/providers/RCSFileProvider.java;com.ecyrd.jspwiki.providers.RCSFileProvider
src/com/ecyrd/jspwiki/providers/AbstractFileProvider.java;com.ecyrd.jspwiki.providers.AbstractFileProvider
src/com/ecyrd/jspwiki/providers/CachingProvider.java;com.ecyrd.jspwiki.providers.CachingProvider
src/com/ecyrd/jspwiki/providers/RepositoryModifiedException.java;com.ecyrd.jspwiki.providers.RepositoryModifiedException
src/com/ecyrd/jspwiki/providers/ProviderException.java;com.ecyrd.jspwiki.providers.ProviderException
src/com/ecyrd/jspwiki/providers/BasicAttachmentProvider.java;com.ecyrd.jspwiki.providers.BasicAttachmentProvider
src/com/ecyrd/jspwiki/providers/CachingAttachmentProvider.java;com.ecyrd.jspwiki.providers.CachingAttachmentProvider
src/com/ecyrd/jspwiki/providers/NoSuchVersionException.java;com.ecyrd.jspwiki.providers.NoSuchVersionException
src/com/ecyrd/jspwiki/providers/VersioningFileProvider.java;com.ecyrd.jspwiki.providers.VersioningFileProvider
src/com/ecyrd/jspwiki/providers/FileSystemProvider.java;com.ecyrd.jspwiki.providers.FileSystemProvider
src/com/ecyrd/jspwiki/rss/Feed.java;com.ecyrd.jspwiki.rss.Feed
src/com/ecyrd/jspwiki/rss/AtomFeed.java;com.ecyrd.jspwiki.rss.AtomFeed
src/com/ecyrd/jspwiki/rss/RSS10Feed.java;com.ecyrd.jspwiki.rss.RSS10Feed
src/com/ecyrd/jspwiki/rss/RSSGenerator.java;com.ecyrd.jspwiki.rss.RSSGenerator
src/com/ecyrd/jspwiki/rss/RSSThread.java;com.ecyrd.jspwiki.rss.RSSThread
src/com/ecyrd/jspwiki/rss/RSS20Feed.java;com.ecyrd.jspwiki.rss.RSS20Feed
src/com/ecyrd/jspwiki/rss/Entry.java;com.ecyrd.jspwiki.rss.Entry
src/com/ecyrd/jspwiki/plugin/UndefinedPagesPlugin.java;com.ecyrd.jspwiki.plugin.UndefinedPagesPlugin
src/com/ecyrd/jspwiki/plugin/Image.java;com.ecyrd.jspwiki.plugin.Image
src/com/ecyrd/jspwiki/plugin/ListLocksPlugin.java;com.ecyrd.jspwiki.plugin.ListLocksPlugin
src/com/ecyrd/jspwiki/plugin/ReferringPagesPlugin.java;com.ecyrd.jspwiki.plugin.ReferringPagesPlugin
src/com/ecyrd/jspwiki/plugin/WeblogArchivePlugin.java;com.ecyrd.jspwiki.plugin.WeblogArchivePlugin
src/com/ecyrd/jspwiki/plugin/Groups.java;com.ecyrd.jspwiki.plugin.Groups
src/com/ecyrd/jspwiki/plugin/UnusedPagesPlugin.java;com.ecyrd.jspwiki.plugin.UnusedPagesPlugin
src/com/ecyrd/jspwiki/plugin/PluginException.java;com.ecyrd.jspwiki.plugin.PluginException
src/com/ecyrd/jspwiki/plugin/PluginManager.java;com.ecyrd.jspwiki.plugin.PluginManager
src/com/ecyrd/jspwiki/plugin/TableOfContents.java;com.ecyrd.jspwiki.plugin.TableOfContents
src/com/ecyrd/jspwiki/plugin/IfPlugin.java;com.ecyrd.jspwiki.plugin.IfPlugin
src/com/ecyrd/jspwiki/plugin/CurrentTimePlugin.java;com.ecyrd.jspwiki.plugin.CurrentTimePlugin
src/com/ecyrd/jspwiki/plugin/Counter.java;com.ecyrd.jspwiki.plugin.Counter
src/com/ecyrd/jspwiki/plugin/WeblogEntryPlugin.java;com.ecyrd.jspwiki.plugin.WeblogEntryPlugin
src/com/ecyrd/jspwiki/plugin/Note.java;com.ecyrd.jspwiki.plugin.Note
src/com/ecyrd/jspwiki/plugin/AbstractReferralPlugin.java;com.ecyrd.jspwiki.plugin.AbstractReferralPlugin
src/com/ecyrd/jspwiki/plugin/BugReportHandler.java;com.ecyrd.jspwiki.plugin.BugReportHandler
src/com/ecyrd/jspwiki/plugin/ReferredPagesPlugin.java;com.ecyrd.jspwiki.plugin.ReferredPagesPlugin
src/com/ecyrd/jspwiki/plugin/Search.java;com.ecyrd.jspwiki.plugin.Search
src/com/ecyrd/jspwiki/plugin/SessionsPlugin.java;com.ecyrd.jspwiki.plugin.SessionsPlugin
src/com/ecyrd/jspwiki/plugin/RecentChangesPlugin.java;com.ecyrd.jspwiki.plugin.RecentChangesPlugin
src/com/ecyrd/jspwiki/plugin/WeblogPlugin.java;com.ecyrd.jspwiki.plugin.WeblogPlugin
src/com/ecyrd/jspwiki/plugin/Denounce.java;com.ecyrd.jspwiki.plugin.Denounce
src/com/ecyrd/jspwiki/plugin/IndexPlugin.java;com.ecyrd.jspwiki.plugin.IndexPlugin
src/com/ecyrd/jspwiki/plugin/InsertPage.java;com.ecyrd.jspwiki.plugin.InsertPage
src/com/ecyrd/jspwiki/plugin/RPCSamplePlugin.java;com.ecyrd.jspwiki.plugin.RPCSamplePlugin
src/com/ecyrd/jspwiki/render/RenderingManager.java;com.ecyrd.jspwiki.render.RenderingManager
src/com/ecyrd/jspwiki/render/WikiRenderer.java;com.ecyrd.jspwiki.render.WikiRenderer
src/com/ecyrd/jspwiki/render/XHTMLRenderer.java;com.ecyrd.jspwiki.render.XHTMLRenderer
src/com/ecyrd/jspwiki/render/CleanTextRenderer.java;com.ecyrd.jspwiki.render.CleanTextRenderer
src/com/ecyrd/jspwiki/render/CreoleRenderer.java;com.ecyrd.jspwiki.render.CreoleRenderer
src/com/ecyrd/jspwiki/render/WysiwygEditingRenderer.java;com.ecyrd.jspwiki.render.WysiwygEditingRenderer
src/com/ecyrd/jspwiki/content/PageRenamer.java;com.ecyrd.jspwiki.content.PageRenamer
src/com/ecyrd/jspwiki/diff/DiffProvider.java;com.ecyrd.jspwiki.diff.NullDiffProvider
src/com/ecyrd/jspwiki/diff/ContextualDiffProvider.java;com.ecyrd.jspwiki.diff.ContextualDiffProvider
src/com/ecyrd/jspwiki/diff/DifferenceManager.java;com.ecyrd.jspwiki.diff.DifferenceManager
src/com/ecyrd/jspwiki/diff/ExternalDiffProvider.java;com.ecyrd.jspwiki.diff.ExternalDiffProvider
src/com/ecyrd/jspwiki/diff/TraditionalDiffProvider.java;com.ecyrd.jspwiki.diff.TraditionalDiffProvider
src/com/ecyrd/jspwiki/parser/Heading.java;com.ecyrd.jspwiki.parser.Heading
src/com/ecyrd/jspwiki/parser/CreoleToJSPWikiTranslator.java;com.ecyrd.jspwiki.parser.CreoleToJSPWikiTranslator
src/com/ecyrd/jspwiki/parser/VariableContent.java;com.ecyrd.jspwiki.parser.VariableContent
src/com/ecyrd/jspwiki/parser/ParseException.java;com.ecyrd.jspwiki.parser.ParseException
src/com/ecyrd/jspwiki/parser/MarkupParser.java;com.ecyrd.jspwiki.parser.MarkupParser
src/com/ecyrd/jspwiki/parser/LinkParser.java;com.ecyrd.jspwiki.parser.LinkParser
src/com/ecyrd/jspwiki/parser/JSPWikiMarkupParser.java;com.ecyrd.jspwiki.parser.JSPWikiMarkupParser
src/com/ecyrd/jspwiki/parser/PluginContent.java;com.ecyrd.jspwiki.parser.PluginContent
src/com/ecyrd/jspwiki/parser/WikiDocument.java;com.ecyrd.jspwiki.parser.WikiDocument
src/com/ecyrd/jspwiki/url/DefaultURLConstructor.java;com.ecyrd.jspwiki.url.DefaultURLConstructor
src/com/ecyrd/jspwiki/url/ShortViewURLConstructor.java;com.ecyrd.jspwiki.url.ShortViewURLConstructor
src/com/ecyrd/jspwiki/url/ShortURLConstructor.java;com.ecyrd.jspwiki.url.ShortURLConstructor
src/com/ecyrd/jspwiki/tags/AttachmentsIteratorTag.java;com.ecyrd.jspwiki.tags.AttachmentsIteratorTag
src/com/ecyrd/jspwiki/tags/CheckRequestContextTag.java;com.ecyrd.jspwiki.tags.CheckRequestContextTag
src/com/ecyrd/jspwiki/tags/HistoryIteratorInfo.java;com.ecyrd.jspwiki.tags.HistoryIteratorInfo
src/com/ecyrd/jspwiki/tags/TranslateTag.java;com.ecyrd.jspwiki.tags.TranslateTag
src/com/ecyrd/jspwiki/tags/CommentLinkTag.java;com.ecyrd.jspwiki.tags.CommentLinkTag
src/com/ecyrd/jspwiki/tags/VariableTag.java;com.ecyrd.jspwiki.tags.VariableTag
src/com/ecyrd/jspwiki/tags/SearchResultsTag.java;com.ecyrd.jspwiki.tags.SearchResultsTag
src/com/ecyrd/jspwiki/tags/IncludeResourcesTag.java;com.ecyrd.jspwiki.tags.IncludeResourcesTag
src/com/ecyrd/jspwiki/tags/EditLinkTag.java;com.ecyrd.jspwiki.tags.EditLinkTag
src/com/ecyrd/jspwiki/tags/RSSLinkTag.java;com.ecyrd.jspwiki.tags.RSSLinkTag
src/com/ecyrd/jspwiki/tags/PermissionTag.java;com.ecyrd.jspwiki.tags.PermissionTag
src/com/ecyrd/jspwiki/tags/SearchResultsSizeTag.java;com.ecyrd.jspwiki.tags.SearchResultsSizeTag
src/com/ecyrd/jspwiki/tags/CheckLockTag.java;com.ecyrd.jspwiki.tags.CheckLockTag
src/com/ecyrd/jspwiki/tags/AdminBeanIteratorInfo.java;com.ecyrd.jspwiki.tags.AdminBeanIteratorInfo
src/com/ecyrd/jspwiki/tags/LinkToTag.java;com.ecyrd.jspwiki.tags.LinkToTag
src/com/ecyrd/jspwiki/tags/SearchResultIteratorInfo.java;com.ecyrd.jspwiki.tags.SearchResultIteratorInfo
src/com/ecyrd/jspwiki/tags/LinkToParentTag.java;com.ecyrd.jspwiki.tags.LinkToParentTag
src/com/ecyrd/jspwiki/tags/DiffLinkTag.java;com.ecyrd.jspwiki.tags.DiffLinkTag
src/com/ecyrd/jspwiki/tags/PageSizeTag.java;com.ecyrd.jspwiki.tags.PageSizeTag
src/com/ecyrd/jspwiki/tags/FeedDiscoveryTag.java;com.ecyrd.jspwiki.tags.FeedDiscoveryTag
src/com/ecyrd/jspwiki/tags/BreadcrumbsTag.java;com.ecyrd.jspwiki.tags.BreadcrumbsTag
src/com/ecyrd/jspwiki/tags/PluginTag.java;com.ecyrd.jspwiki.tags.PluginTag
src/com/ecyrd/jspwiki/tags/PageInfoLinkTag.java;com.ecyrd.jspwiki.tags.PageInfoLinkTag
src/com/ecyrd/jspwiki/tags/InsertPageTag.java;com.ecyrd.jspwiki.tags.InsertPageTag
src/com/ecyrd/jspwiki/tags/UploadLinkTag.java;com.ecyrd.jspwiki.tags.UploadLinkTag
src/com/ecyrd/jspwiki/tags/RSSImageLinkTag.java;com.ecyrd.jspwiki.tags.RSSImageLinkTag
src/com/ecyrd/jspwiki/tags/UserProfileTag.java;com.ecyrd.jspwiki.tags.UserProfileTag
src/com/ecyrd/jspwiki/tags/ContentEncodingTag.java;com.ecyrd.jspwiki.tags.ContentEncodingTag
src/com/ecyrd/jspwiki/tags/BaseURLTag.java;com.ecyrd.jspwiki.tags.BaseURLTag
src/com/ecyrd/jspwiki/tags/TabTag.java;com.ecyrd.jspwiki.tags.TabTag
src/com/ecyrd/jspwiki/tags/PageExistsTag.java;com.ecyrd.jspwiki.tags.PageExistsTag
src/com/ecyrd/jspwiki/tags/NextVersionTag.java;com.ecyrd.jspwiki.tags.NextVersionTag
src/com/ecyrd/jspwiki/tags/CalendarTag.java;com.ecyrd.jspwiki.tags.CalendarTag
src/com/ecyrd/jspwiki/tags/IteratorTag.java;com.ecyrd.jspwiki.tags.IteratorTag
src/com/ecyrd/jspwiki/tags/WikiLinkTag.java;com.ecyrd.jspwiki.tags.WikiLinkTag
src/com/ecyrd/jspwiki/tags/PreviousVersionTag.java;com.ecyrd.jspwiki.tags.PreviousVersionTag
src/com/ecyrd/jspwiki/tags/CheckLockInfo.java;com.ecyrd.jspwiki.tags.CheckLockInfo
src/com/ecyrd/jspwiki/tags/CheckVersionTag.java;com.ecyrd.jspwiki.tags.CheckVersionTag
src/com/ecyrd/jspwiki/tags/ParentPageNameTag.java;com.ecyrd.jspwiki.tags.ParentPageNameTag
src/com/ecyrd/jspwiki/tags/IfNoSearchResultsTag.java;com.ecyrd.jspwiki.tags.IfNoSearchResultsTag
src/com/ecyrd/jspwiki/tags/EditorIteratorInfo.java;com.ecyrd.jspwiki.tags.EditorIteratorInfo
src/com/ecyrd/jspwiki/tags/RequestResourceTag.java;com.ecyrd.jspwiki.tags.RequestResourceTag
src/com/ecyrd/jspwiki/tags/TemplateDirTag.java;com.ecyrd.jspwiki.tags.TemplateDirTag
src/com/ecyrd/jspwiki/tags/SearchResultIteratorTag.java;com.ecyrd.jspwiki.tags.SearchResultIteratorTag
src/com/ecyrd/jspwiki/tags/InsertDiffTag.java;com.ecyrd.jspwiki.tags.InsertDiffTag
src/com/ecyrd/jspwiki/tags/EditorTag.java;com.ecyrd.jspwiki.tags.EditorTag
src/com/ecyrd/jspwiki/tags/MessagesTag.java;com.ecyrd.jspwiki.tags.MessagesTag
src/com/ecyrd/jspwiki/tags/AuthorTag.java;com.ecyrd.jspwiki.tags.AuthorTag
src/com/ecyrd/jspwiki/tags/WikiTagBase.java;com.ecyrd.jspwiki.tags.WikiTagBase
src/com/ecyrd/jspwiki/tags/WikiBodyTag.java;com.ecyrd.jspwiki.tags.WikiBodyTag
src/com/ecyrd/jspwiki/tags/EditorIteratorTag.java;com.ecyrd.jspwiki.tags.EditorIteratorTag
src/com/ecyrd/jspwiki/tags/PageNameTag.java;com.ecyrd.jspwiki.tags.PageNameTag
src/com/ecyrd/jspwiki/tags/PageVersionTag.java;com.ecyrd.jspwiki.tags.PageVersionTag
src/com/ecyrd/jspwiki/tags/HistoryIteratorTag.java;com.ecyrd.jspwiki.tags.HistoryIteratorTag
src/com/ecyrd/jspwiki/tags/UserNameTag.java;com.ecyrd.jspwiki.tags.UserNameTag
src/com/ecyrd/jspwiki/tags/NoSuchPageTag.java;com.ecyrd.jspwiki.tags.NoSuchPageTag
src/com/ecyrd/jspwiki/tags/TabbedSectionTag.java;com.ecyrd.jspwiki.tags.TabbedSectionTag
src/com/ecyrd/jspwiki/tags/AttachmentsIteratorInfo.java;com.ecyrd.jspwiki.tags.AttachmentsIteratorInfo
src/com/ecyrd/jspwiki/tags/IncludeTag.java;com.ecyrd.jspwiki.tags.IncludeTag
src/com/ecyrd/jspwiki/tags/LinkTag.java;com.ecyrd.jspwiki.tags.LinkTag
src/com/ecyrd/jspwiki/tags/ParamTag.java;com.ecyrd.jspwiki.tags.ParamTag
src/com/ecyrd/jspwiki/tags/PageTypeTag.java;com.ecyrd.jspwiki.tags.PageTypeTag
src/com/ecyrd/jspwiki/tags/PageDateTag.java;com.ecyrd.jspwiki.tags.PageDateTag
src/com/ecyrd/jspwiki/tags/AdminBeanIteratorTag.java;com.ecyrd.jspwiki.tags.AdminBeanIteratorTag
src/com/ecyrd/jspwiki/tags/CookieTag.java;com.ecyrd.jspwiki.tags.CookieTag
src/com/ecyrd/jspwiki/tags/UserCheckTag.java;com.ecyrd.jspwiki.tags.UserCheckTag
src/com/ecyrd/jspwiki/tags/ContentTag.java;com.ecyrd.jspwiki.tags.ContentTag
src/com/ecyrd/jspwiki/tags/HasAttachmentsTag.java;com.ecyrd.jspwiki.tags.HasAttachmentsTag
src/com/ecyrd/jspwiki/tags/SetPaginationTag.java;com.ecyrd.jspwiki.tags.SetPaginationTag
src/com/ecyrd/jspwiki/search/SearchManager.java;com.ecyrd.jspwiki.search.SearchManager
src/com/ecyrd/jspwiki/search/BasicSearchProvider.java;com.ecyrd.jspwiki.search.BasicSearchProvider
src/com/ecyrd/jspwiki/search/LuceneSearchProvider.java;com.ecyrd.jspwiki.search.LuceneSearchProvider
src/com/ecyrd/jspwiki/workflow/WorkflowBuilder.java;com.ecyrd.jspwiki.workflow.WorkflowBuilder
src/com/ecyrd/jspwiki/workflow/WorkflowManager.java;com.ecyrd.jspwiki.workflow.WorkflowManager
src/com/ecyrd/jspwiki/workflow/Decision.java;com.ecyrd.jspwiki.workflow.Decision
src/com/ecyrd/jspwiki/workflow/DecisionRequiredException.java;com.ecyrd.jspwiki.workflow.DecisionRequiredException
src/com/ecyrd/jspwiki/workflow/SimpleDecision.java;com.ecyrd.jspwiki.workflow.SimpleDecision
src/com/ecyrd/jspwiki/workflow/DecisionQueue.java;com.ecyrd.jspwiki.workflow.DecisionQueue
src/com/ecyrd/jspwiki/workflow/NoSuchOutcomeException.java;com.ecyrd.jspwiki.workflow.NoSuchOutcomeException
src/com/ecyrd/jspwiki/workflow/SimpleNotification.java;com.ecyrd.jspwiki.workflow.SimpleNotification
src/com/ecyrd/jspwiki/workflow/Task.java;com.ecyrd.jspwiki.workflow.Task
src/com/ecyrd/jspwiki/workflow/Outcome.java;com.ecyrd.jspwiki.workflow.Outcome
src/com/ecyrd/jspwiki/workflow/AbstractStep.java;com.ecyrd.jspwiki.workflow.AbstractStep
src/com/ecyrd/jspwiki/workflow/Fact.java;com.ecyrd.jspwiki.workflow.Fact
src/com/ecyrd/jspwiki/workflow/Workflow.java;com.ecyrd.jspwiki.workflow.Workflow
src/com/ecyrd/jspwiki/workflow/SystemPrincipal.java;com.ecyrd.jspwiki.workflow.SystemPrincipal
src/com/ecyrd/jspwiki/dav/HTMLPagesDavProvider.java;com.ecyrd.jspwiki.dav.HTMLPagesDavProvider
src/com/ecyrd/jspwiki/dav/DavPath.java;com.ecyrd.jspwiki.dav.DavPath
src/com/ecyrd/jspwiki/dav/WikiDavProvider.java;com.ecyrd.jspwiki.dav.WikiDavProvider
src/com/ecyrd/jspwiki/dav/WikiRootProvider.java;com.ecyrd.jspwiki.dav.WikiRootProvider
src/com/ecyrd/jspwiki/dav/DavUtil.java;com.ecyrd.jspwiki.dav.DavUtil
src/com/ecyrd/jspwiki/dav/WikiDavServlet.java;com.ecyrd.jspwiki.dav.WikiDavServlet
src/com/ecyrd/jspwiki/dav/RawPagesDavProvider.java;com.ecyrd.jspwiki.dav.RawPagesDavProvider
src/com/ecyrd/jspwiki/dav/DavContext.java;com.ecyrd.jspwiki.dav.DavContext
src/com/ecyrd/jspwiki/dav/AttachmentDavProvider.java;com.ecyrd.jspwiki.dav.AttachmentDavProvider
src/com/ecyrd/jspwiki/dav/WebdavServlet.java;com.ecyrd.jspwiki.dav.WebdavServlet
src/com/ecyrd/jspwiki/dav/methods/PropPatchMethod.java;com.ecyrd.jspwiki.dav.methods.PropPatchMethod
src/com/ecyrd/jspwiki/dav/methods/GetMethod.java;com.ecyrd.jspwiki.dav.methods.GetMethod
src/com/ecyrd/jspwiki/dav/methods/DavMethod.java;com.ecyrd.jspwiki.dav.methods.DavMethod
src/com/ecyrd/jspwiki/dav/methods/PropFindMethod.java;com.ecyrd.jspwiki.dav.methods.PropFindMethod
src/com/ecyrd/jspwiki/dav/items/AttachmentItem.java;com.ecyrd.jspwiki.dav.items.AttachmentItem
src/com/ecyrd/jspwiki/dav/items/DirectoryItem.java;com.ecyrd.jspwiki.dav.items.DirectoryItem
src/com/ecyrd/jspwiki/dav/items/DavItem.java;com.ecyrd.jspwiki.dav.items.DavItem
src/com/ecyrd/jspwiki/dav/items/AttachmentDirectoryItem.java;com.ecyrd.jspwiki.dav.items.AttachmentDirectoryItem
src/com/ecyrd/jspwiki/dav/items/PageDavItem.java;com.ecyrd.jspwiki.dav.items.PageDavItem
src/com/ecyrd/jspwiki/dav/items/TopLevelDavItem.java;com.ecyrd.jspwiki.dav.items.TopLevelDavItem
src/com/ecyrd/jspwiki/dav/items/HTMLPageDavItem.java;com.ecyrd.jspwiki.dav.items.HTMLPageDavItem
src/com/ecyrd/jspwiki/xmlrpc/RPCHandler.java;com.ecyrd.jspwiki.xmlrpc.RPCHandler
src/com/ecyrd/jspwiki/xmlrpc/RPCHandlerUTF8.java;com.ecyrd.jspwiki.xmlrpc.RPCHandlerUTF8
src/com/ecyrd/jspwiki/xmlrpc/MetaWeblogHandler.java;com.ecyrd.jspwiki.xmlrpc.MetaWeblogHandler
src/com/ecyrd/jspwiki/xmlrpc/RPCServlet.java;com.ecyrd.jspwiki.xmlrpc.RPCServlet
src/com/ecyrd/jspwiki/xmlrpc/AbstractRPCHandler.java;com.ecyrd.jspwiki.xmlrpc.AbstractRPCHandler
src/com/ecyrd/jspwiki/i18n/InternationalizationManager.java;com.ecyrd.jspwiki.i18n.InternationalizationManager
src/com/ecyrd/jspwiki/rpc/RPCManager.java;com.ecyrd.jspwiki.rpc.RPCManager
src/com/ecyrd/jspwiki/rpc/atom/AtomAPIServlet.java;com.ecyrd.jspwiki.rpc.atom.AtomAPIServlet
src/com/ecyrd/jspwiki/rpc/json/JSONRPCManager.java;com.ecyrd.jspwiki.rpc.json.JSONRPCManager
src/com/ecyrd/jspwiki/modules/ModuleManager.java;com.ecyrd.jspwiki.modules.ModuleManager
src/com/ecyrd/jspwiki/modules/WikiModuleInfo.java;com.ecyrd.jspwiki.modules.WikiModuleInfo
src/com/ecyrd/jspwiki/event/WikiEvent.java;com.ecyrd.jspwiki.event.WikiEvent
src/com/ecyrd/jspwiki/event/WikiSecurityEvent.java;com.ecyrd.jspwiki.event.WikiSecurityEvent
src/com/ecyrd/jspwiki/event/WikiEngineEvent.java;com.ecyrd.jspwiki.event.WikiEngineEvent
src/com/ecyrd/jspwiki/event/PageEventFilter.java;com.ecyrd.jspwiki.event.PageEventFilter
src/com/ecyrd/jspwiki/event/WikiEventUtils.java;com.ecyrd.jspwiki.event.WikiEventUtils
src/com/ecyrd/jspwiki/event/WikiEventManager.java;com.ecyrd.jspwiki.event.WikiEventManager
src/com/ecyrd/jspwiki/event/WikiPageEvent.java;com.ecyrd.jspwiki.event.WikiPageEvent
src/com/ecyrd/jspwiki/event/WorkflowEvent.java;com.ecyrd.jspwiki.event.WorkflowEvent
src/com/ecyrd/jspwiki/event/WikiPageRenameEvent.java;com.ecyrd.jspwiki.event.WikiPageRenameEvent
src/com/ecyrd/jspwiki/htmltowiki/WhitespaceTrimWriter.java;com.ecyrd.jspwiki.htmltowiki.WhitespaceTrimWriter
src/com/ecyrd/jspwiki/htmltowiki/XHtmlToWikiConfig.java;com.ecyrd.jspwiki.htmltowiki.XHtmlToWikiConfig
src/com/ecyrd/jspwiki/htmltowiki/PersistentMapDecorator.java;com.ecyrd.jspwiki.htmltowiki.PersistentMapDecorator
src/com/ecyrd/jspwiki/htmltowiki/HtmlStringToWikiTranslator.java;com.ecyrd.jspwiki.htmltowiki.HtmlStringToWikiTranslator
src/com/ecyrd/jspwiki/htmltowiki/PropertiesUtils.java;com.ecyrd.jspwiki.htmltowiki.PropertiesUtils
src/com/ecyrd/jspwiki/htmltowiki/XHtmlElementToWikiTranslator.java;com.ecyrd.jspwiki.htmltowiki.XHtmlElementToWikiTranslator
src/com/ecyrd/jspwiki/htmltowiki/ForgetNullValuesLinkedHashMap.java;com.ecyrd.jspwiki.htmltowiki.ForgetNullValuesLinkedHashMap
